"","word"
"1","love"
"2","boyfriend"
"3","home"
"4","friend"
"5","family"
"6","game"
"7","football"
"8","play"
"9","team"
"10","basketball"
"11","girlfriend"
"12","win"
"13","sport"
"14","tennis"
"15","band"
"16","fun"
"17","coolness"
"18","hell"
"19","hate"
"20","shit"
"21","crap"
"22","care"
"23","stupidity"
"24","movie"
"25","computer"
"26","drug"
"27","world"
"28","death"
"29","society"
"30","religion"
"31","human"
"32","faith"
"33","type"
"34","college"
"35","group"
"36","situation"
"37","class"
"38","problem"
"39","goodness"
"40","health"
"41","poverty"
"42","ease"
"43","conversation"
"44","avoidance"
"45","scare"
"46","pain"
"47","dress"
"48","awe"
"49","line"
"50","lake"
"51","radio"
"52","kill"
"53","goal"
"54","right"
"55","greatness"
"56","interest"
"57","addition"
"58","top"
"59","routine"
"60","package"
"61","color"
"62","reading"
"63","darkness"
"64","money"
"65","drink"
"66","hunger"
"67","boy"
"68","question"
"69","freedom"
"70","thirst"
"71","change"
"72","refusal"
"73","need"
"74","day"
"75","friday"
"76","clue"
"77","system"
"78","step"
"79","comment"
"80","rent"
"81","act"
"82","distraction"
"83","life"
"84","someone"
"85","part"
"86","thought"
"87","feeling"
"88","abyss"
"89","sex"
"90","sweetness"
"91","screen"
"92","study"
"93","meeting"
"94","high"
"95","sleep"
"96","relaxation"
"97","office"
"98","cooking"
"99","homesickness"
"100","thing"
"101","place"
"102","company"
"103","window"
"104","number"
"105","shoe"
"106","room"
"107","chair"
"108","area"
"109","month"
"110","eye"
"111","car"
"112","pencil"
"113","door"
"114","toothbrush"
"115","cup"
"116","paper"
"117","lamp"
"118","plant"
"119","flower"
"120","sin"
"121","excuse"
"122","guilt"
"123","jealousy"
"124","plea"
"125","shame"
"126","camera"
"127","choir"
"128","criminal"
"129","garden"
"130","grief"
"131","complaint"
"132","hygiene"
"133","accordion"
"134","delirium"
"135","emptiness"
"136","plot"
"137","riot"
"138","torment"
"139","damage"
"140","hierarchy"
"141","sense"
"142","snake"
"143","stampede"
"144","truck"
"145","use"
"146","bribe"
"147","denial"
"148","dog"
"149","dread"
"150","elm"
"151","fate"
"152","kiss"
"153","knowledge"
"154","humor"
"155","animal"
"156","deceit"
"157","loner"
"158","satire"
"159","scream"
"160","sickness"
"161","actor"
"162","battle"
"163","cyclone"
"164","perjury"
"165","victim"
"166","woe"
"167","coffee"
"168","cafeteria"
"169","hall"
"170","cab"
"171","storm"
"172","turtle"
"173","wonder"
"174","patient"
"175","tornado"
"176","trumpet"
"177","finger"
"178","hair"
"179","pineapple"
"180","businessman"
"181","happiness"
"182","joviality"
"183","minister"
"184","vacation"
"185","speech"
"186","stapler"
"187","worker"
"188","arm"
"189","egg"
"190","ham"
"191","joke"
"192","trust"
"193","summer"
"194","crib"
"195","engineer"
"196","ketchup"
"197","kitchen"
"198","shelf"
"199","testimony"
"200","table"
"201","tribute"
"202","ball"
"203","beach"
"204","couple"
"205","dime"
"206","dinner"
"207","journalist"
"208","monkey"
"209","mystery"
"210","optimism"
"211","party"
"212","store"
"213","truth"
"214","belief"
"215","cabinet"
"216","field"
"217","volcano"
"218","color"
"219","envy"
"220","firework"
"221","lawyer"
"222","paradox"
"223","bonfire"
"224","election"
"225","cost"
"226","harp"
"227","highway"
"228","pie"
"229","rake"
"230","rose"
"231","sight"
"232","tourist"
"233","cathedral"
"234","fish"
"235","honey"
"236","pilot"
"237","scientist"
"238","shoulder"
"239","subway"
"240","voter"
"241","zoo"
"242","analogy"
"243","chicken"
"244","court"
"245","foot"
"246","irony"
"247","mountain"
"248","squeal"
"249","stone"
"250","duck"
"251","island"
"252","jungle"
"253","legality"
"254","accident"
"255","artist"
"256","boat"
"257","era"
"258","motive"
"259","soldier"
"260","van"
"261","debate"
"262","diplomat"
"263","guard"
"264","brightness"
"265","army"
"266","hotel"
"267","lemonade"
"268","beer"
"269","law"
"270","eggplant"
"271","bee"
"272","carriage"
"273","burden"
"274","noise"
"275","semester"
"276","wealth"
"277","nose"
"278","loan"
"279","bar"
"280","advantage"
"281","strategy"
"282","hospital"
"283","carrot"
"284","luck"
"285","faucet"
"286","pumpkin"
"287","giant"
"288","cloud"
"289","doctor"
"290","sand"
